Numero_Fiche;Codes_Rome_Code;Codes_Rome_Libelle
RNCP181;M1203;Comptabilité
RNCP361;K1802;Développement local
RNCP560;E1204;Projection cinéma
RNCP822;B1805;Stylisme
RNCP1028;M1604;Assistanat de direction
RNCP1221;H1503;Intervention technique en laboratoire d''analyse industrielle
RNCP1395;A1303;Ingénierie en agriculture et environnement naturel
RNCP1599;M1102;Direction des achats
RNCP1885;D1212;Vente en décoration et équipement du foyer
RNCP2266;A1407;Élevage bovin ou équin
RNCP2514;K1403;Management de structure de santé, sociale ou pénitentiaire
RNCP2894;K1205;Information sociale
RNCP3193;M1102;Direction des achats
RNCP3312;M1705;Marketing
RNCP3435;H1502;Management et ingénierie qualité industrielle
RNCP3549;H1206;Management et ingénierie études, recherche et développement industriel
RNCP3676;H1404;Intervention technique en méthodes et industrialisation
RNCP3796;F1201;Conduite de travaux du BTP et de travaux paysagers
RNCP3921;K1802;Développement local
RNCP4049;D1406;Management en force de vente
RNCP4180;H1502;Management et ingénierie qualité industrielle
RNCP4268;I1102;Management et ingénierie de maintenance industrielle
RNCP4375;H1302;Management et ingénierie Hygiène Sécurité Environnement -HSE- industriels
RNCP4498;I1302;Installation et maintenance d''automatismes
RNCP4595;H1402;Management et ingénierie méthodes et industrialisation
RNCP4713;H1502;Management et ingénierie qualité industrielle
RNCP4807;I1309;Maintenance électrique
RNCP4927;C1503;Management de projet immobilier
RNCP5077;H2207;Réalisation de meubles en bois
RNCP5232;D1407;Relation technico-commerciale
RNCP5346;I1401;Maintenance informatique et bureautique
RNCP5468;I1305;Installation et maintenance électronique
RNCP5638;B1806;Tapisserie - décoration en ameublement
RNCP5830;M1803;Direction des systèmes d''information
RNCP5989;K1205;Information sociale
RNCP6129;K2112;Orientation scolaire et professionnelle
RNCP6310;H1302;Management et ingénierie Hygiène Sécurité Environnement -HSE- industriels
RNCP6455;D1406;Management en force de vente
RNCP6605;H1504;Intervention technique en contrôle essai qualité en électricité et électronique
RNCP6829;K1104;Psychologie
RNCP6983;M1503;Management des ressources humaines
RNCP7088;I1401;Maintenance informatique et bureautique
RNCP7237;H1402;Management et ingénierie méthodes et industrialisation
RNCP7414;M1607;Secrétariat
RNCP7556;J1507;Soins infirmiers spécialisés en puériculture
RNCP7632;K2107;Enseignement général du second degré
RNCP9041;K2107;Enseignement général du second degré
RNCP9255;K2401;Recherche en sciences de l''homme et de la société
RNCP9433;M1705;Marketing
RNCP9673;D1405;Conseil en information médicale
RNCP9873;M1707;Stratégie commerciale
RNCP10000;K2107;Enseignement général du second degré
RNCP10127;M1503;Management des ressources humaines
RNCP10255;H2907;Conduite d''installation de production des métaux
RNCP10340;E1103;Communication
RNCP10450;I1401;Maintenance informatique et bureautique
RNCP10636;M1702;Analyse de tendance
RNCP10849;M1806;Conseil et maîtrise d''ouvrage en systèmes d''information
RNCP11084;K2108;Enseignement supérieur
RNCP11300;H1210;Intervention technique en études, recherche et développement
RNCP11396;M1302;Direction de petite ou moyenne entreprise
RNCP11567;I1203;Maintenance des bâtiments et des locaux
RNCP11753;K1104;Psychologie
RNCP11906;M1101;Achats
RNCP12030;H1206;Management et ingénierie études, recherche et développement industriel
RNCP12300;F1106;Ingénierie et études du BTP
RNCP12497;K1402;Conseil en Santé Publique
RNCP12723;M1802;Expertise et support en systèmes d''information
RNCP12900;C1103;Courtage en assurances
RNCP13092;H1102;Management et ingénierie d''affaires
RNCP13283;M1604;Assistanat de direction
RNCP13444;H1206;Management et ingénierie études, recherche et développement industriel
RNCP13601;E1106;Journalisme et information média
RNCP13830;K1404;Mise en oeuvre et pilotage de la politique des pouvoirs publics
RNCP14011;H1209;Intervention technique en études et développement électronique
RNCP14216;C1203;Relation clients banque/finance
RNCP14398;K1401;Conception et pilotage de la politique des pouvoirs publics
RNCP14586;M1806;Conseil et maîtrise d''ouvrage en systèmes d''information
RNCP14783;H1206;Management et ingénierie études, recherche et développement industriel
RNCP15032;H1102;Management et ingénierie d''affaires
RNCP15198;H1503;Intervention technique en laboratoire d''analyse industrielle
RNCP15349;H1302;Management et ingénierie Hygiène Sécurité Environnement -HSE- industriels
RNCP15667;H1206;Management et ingénierie études, recherche et développement industriel
RNCP15835;M1201;Analyse et ingénierie financière
RNCP16064;K2401;Recherche en sciences de l''homme et de la société
RNCP16262;I1101;Direction et ingénierie en entretien infrastructure et bâti
RNCP16439;M1403;Études et prospectives socio-économiques
RNCP16562;H2504;Encadrement d''équipe en industrie de transformation
RNCP16831;K2111;Formation professionnelle
RNCP16962;D1404;Relation commerciale en vente de véhicules
RNCP17134;H3404;Peinture industrielle
RNCP17251;E1305;Préparation et correction en édition et presse
RNCP17397;M1202;Audit et contrôle comptables et financiers
RNCP17536;K2107;Enseignement général du second degré
RNCP17696;H1206;Management et ingénierie études, recherche et développement industriel
RNCP17840;M1806;Conseil et maîtrise d''ouvrage en systèmes d''information
RNCP18023;N1301;Conception et organisation de la chaîne logistique
RNCP18155;M1806;Conseil et maîtrise d''ouvrage en systèmes d''information
RNCP18260;H1505;Intervention technique en formulation et analyse sensorielle
RNCP18374;H1506;Intervention technique qualité en mécanique et travail des métaux
RNCP18625;H1202;Conception et dessin de produits électriques et électroniques
RNCP18803;K1601;Gestion de l''information et de la documentation
RNCP18991;M1207;Trésorerie et financement
RNCP19182;M1402;Conseil en organisation et management d''entreprise
RNCP19303;H1402;Management et ingénierie méthodes et industrialisation
RNCP19417;M1705;Marketing
RNCP19616;H1203;Conception et dessin produits mécaniques
RNCP19716;H2502;Management et ingénierie de production
RNCP19886;H1502;Management et ingénierie qualité industrielle
RNCP20047;K1601;Gestion de l''information et de la documentation
RNCP20175;M1707;Stratégie commerciale
RNCP20331;N1105;Manutention manuelle de charges
RNCP20496;M1403;Études et prospectives socio-économiques
RNCP20623;H1503;Intervention technique en laboratoire d''analyse industrielle
RNCP20833;M1403;Études et prospectives socio-économiques
RNCP21050;K1404;Mise en oeuvre et pilotage de la politique des pouvoirs publics
RNCP21173;M1205;Direction administrative et financière
RNCP21328;E1402;Élaboration de plan média
RNCP21471;E1104;Conception de contenus multimédias
RNCP21593;M1403;Études et prospectives socio-économiques
RNCP21703;J1405;Optique - lunetterie
RNCP21925;C1206;Gestion de clientèle bancaire
RNCP22108;F1602;Électricité bâtiment
RNCP22286;H1206;Management et ingénierie études, recherche et développement industriel
RNCP22433;K1802;Développement local
RNCP22608;E1106;Journalisme et information média
RNCP22750;H1401;Management et ingénierie gestion industrielle et logistique
RNCP22923;N4201;Direction d''exploitation des transports routiers de marchandises
RNCP23052;M1805;Études et développement informatique
RNCP23311;C1202;Analyse de crédits et risques bancaires
RNCP23463;H1206;Management et ingénierie études, recherche et développement industriel
RNCP23624;N1201;Affrètement transport
RNCP23737;N1301;Conception et organisation de la chaîne logistique
RNCP23862;H2502;Management et ingénierie de production
RNCP24076;H1102;Management et ingénierie d''affaires
RNCP24246;D1407;Relation technico-commerciale
RNCP24468;E1104;Conception de contenus multimédias
RNCP24623;M1202;Audit et contrôle comptables et financiers
RNCP24775;D1406;Management en force de vente
RNCP24870;M1707;Stratégie commerciale
RNCP25005;M1503;Management des ressources humaines
RNCP25148;K1602;Gestion de patrimoine culturel
RNCP25304;H1206;Management et ingénierie études, recherche et développement industriel
RNCP25491;H1201;Expertise technique couleur en industrie
RNCP25577;K2402;Recherche en sciences de l''univers, de la matière et du vivant
RNCP25702;H1502;Management et ingénierie qualité industrielle
RNCP25841;M1804;Études et développement de réseaux de télécoms
RNCP26000;I1305;Installation et maintenance électronique
RNCP26123;L1203;Art dramatique
RNCP26205;K1103;Développement personnel et bien-être de la personne
RNCP26304;M1806;Conseil et maîtrise d''ouvrage en systèmes d''information
RNCP26463;H1210;Intervention technique en études, recherche et développement
RNCP26572;H2102;Conduite d''équipement de production alimentaire
RNCP26676;M1805;Études et développement informatique
RNCP26794;K1705;Sécurité civile et secours
RNCP26915;J1202;Pharmacie
RNCP27036;H2502;Management et ingénierie de production
RNCP27148;H2502;Management et ingénierie de production
RNCP27317;H1206;Management et ingénierie études, recherche et développement industriel
RNCP27468;H2902;Chaudronnerie - tôlerie
RNCP27645;D1406;Management en force de vente
RNCP27786;E1104;Conception de contenus multimédias
RNCP27962;H1206;Management et ingénierie études, recherche et développement industriel
RNCP28131;D1406;Management en force de vente
RNCP28238;K2304;Revalorisation de produits industriels
RNCP28403;F1106;Ingénierie et études du BTP
RNCP28582;M1701;Administration des ventes
RNCP28714;M1204;Contrôle de gestion
RNCP28825;H1502;Management et ingénierie qualité industrielle
RNCP29035;E1401;Développement et promotion publicitaire
RNCP29252;K1401;Conception et pilotage de la politique des pouvoirs publics
RNCP29441;D1502;Management/gestion de rayon produits alimentaires
RNCP29670;H1102;Management et ingénierie d''affaires
RNCP29845;M1805;Études et développement informatique
RNCP30004;M1805;Études et développement informatique
RNCP30097;D1406;Management en force de vente
RNCP30176;G1204;Éducation en activités sportives
RNCP30323;K1903;Défense et conseil juridique
RNCP30415;K1401;Conception et pilotage de la politique des pouvoirs publics
RNCP30609;M1402;Conseil en organisation et management d''entreprise
RNCP30714;M1805;Études et développement informatique
RNCP30834;E1205;Réalisation de contenus multimédias
RNCP30967;K1802;Développement local
RNCP31141;E1103;Communication
RNCP31389;C1102;Conseil clientèle en assurances
RNCP31515;E1104;Conception de contenus multimédias
RNCP31904;F1103;Contrôle et diagnostic technique du bâtiment
RNCP31992;M1701;Administration des ventes
RNCP32077;H2903;Conduite d''équipement d''usinage
RNCP32174;K1705;Sécurité civile et secours
RNCP32344;B1501;Fabrication et réparation d''instruments de musique
RNCP34035;M1205;Direction administrative et financière
RNCP34099;F1105;Études géologiques
RNCP34171;C1109;Rédaction et gestion en assurances
RNCP34276;A1407;Élevage bovin ou équin
RNCP34381;K1403;Management de structure de santé, sociale ou pénitentiaire
RNCP34463;E1205;Réalisation de contenus multimédias
RNCP34555;H1102;Management et ingénierie d''affaires
RNCP34637;E1105;Coordination d''édition
RNCP34741;M1804;Études et développement de réseaux de télécoms
RNCP34829;K2106;Enseignement des écoles
RNCP34894;H1206;Management et ingénierie études, recherche et développement industriel
RNCP34984;H2301;Conduite d''équipement de production chimique ou pharmaceutique
RNCP35061;M1503;Management des ressources humaines
RNCP35153;D1406;Management en force de vente
RNCP35249;E1402;Élaboration de plan média
RNCP35345;H2907;Conduite d''installation de production des métaux
RNCP35402;M1401;Conduite d''enquêtes
RNCP35477;M1805;Études et développement informatique
RNCP35543;K1205;Information sociale
RNCP35636;H1206;Management et ingénierie études, recherche et développement industriel
RNCP35718;M1704;Management relation clientèle
RNCP35796;M1805;Études et développement informatique
RNCP35866;D1203;Hydrothérapie
RNCP35941;F1106;Ingénierie et études du BTP
RNCP36020;F1107;Mesures topographiques
RNCP36096;K1404;Mise en oeuvre et pilotage de la politique des pouvoirs publics
RNCP36173;H1402;Management et ingénierie méthodes et industrialisation
RNCP36267;G1402;Management d''hôtel-restaurant
RNCP36352;M1707;Stratégie commerciale
RNCP36426;B1602;Réalisation d''objets artistiques et fonctionnels en verre
RNCP36528;K2401;Recherche en sciences de l''homme et de la société
RNCP36586;M1805;Études et développement informatique
RNCP36672;M1801;Administration de systèmes d''information
RNCP36752;E1104;Conception de contenus multimédias
RNCP36814;M1301;Direction de grande entreprise ou d''établissement public
RNCP36910;F1201;Conduite de travaux du BTP et de travaux paysagers
RNCP36993;K2502;Management de sécurité privée
RNCP37087;M1402;Conseil en organisation et management d''entreprise
RNCP37200;H1206;Management et ingénierie études, recherche et développement industriel
RNCP37291;F1603;Installation d''équipements sanitaires et thermiques
RNCP37389;F1106;Ingénierie et études du BTP
RNCP37479;G1204;Éducation en activités sportives
RNCP37578;M1804;Études et développement de réseaux de télécoms
RNCP37658;E1402;Élaboration de plan média
RNCP37733;H1302;Management et ingénierie Hygiène Sécurité Environnement -HSE- industriels
RNCP37830;M1207;Trésorerie et financement
RNCP37925;H1208;Intervention technique en études et conception en automatisme
RNCP37992;H1301;Inspection de conformité
RNCP38082;H1302;Management et ingénierie Hygiène Sécurité Environnement -HSE- industriels
RNCP38160;K1902;Collaboration juridique
RNCP38219;K2402;Recherche en sciences de l''univers, de la matière et du vivant
RNCP38313;H2903;Conduite d''équipement d''usinage
RNCP38399;D1403;Relation commerciale auprès de particuliers
RNCP38485;A1501;Aide aux soins animaux
RNCP38577;I1304;Installation et maintenance d''équipements industriels et d''exploitation
RNCP38656;M1801;Administration de systèmes d''information
RNCP38728;F1607;Pose de fermetures menuisées
RNCP38817;I1401;Maintenance informatique et bureautique
RNCP38913;M1102;Direction des achats
RNCP38983;H1206;Management et ingénierie études, recherche et développement industriel
RNCP39047;H1402;Management et ingénierie méthodes et industrialisation
RNCP39117;E1104;Conception de contenus multimédias
RNCP39188;N1301;Conception et organisation de la chaîne logistique
RNCP39264;K2105;Enseignement artistique
RNCP39325;H1101;Assistance et support technique client
RNCP39408;F1106;Ingénierie et études du BTP
RNCP39467;M1302;Direction de petite ou moyenne entreprise
RNCP39532;E1306;Prépresse
RNCP39599;H2502;Management et ingénierie de production
RNCP39692;H1206;Management et ingénierie études, recherche et développement industriel
RNCP39792;N4202;Direction d''exploitation des transports routiers de personnes
RNCP39880;F1106;Ingénierie et études du BTP
RNCP39958;E1104;Conception de contenus multimédias
RNCP40051;F1108;Métré de la construction
RNCP40123;I1307;Installation et maintenance télécoms et courants faibles
RNCP40193;C1203;Relation clients banque/finance
RNCP40279;G1301;Conception de produits touristiques
RNCP40349;E1103;Communication
RNCP40445;N1201;Affrètement transport
RNCP40519;F1106;Ingénierie et études du BTP
RNCP40591;M1707;Stratégie commerciale
RNCP40663;K2111;Formation professionnelle
RNCP40737;H1206;Management et ingénierie études, recherche et développement industriel
RNCP40792;M1805;Études et développement informatique
RNCP40868;F1106;Ingénierie et études du BTP
RNCP40947;M1806;Conseil et maîtrise d''ouvrage en systèmes d''information
RNCP41007;H1209;Intervention technique en études et développement électronique
RNCP41059;M1204;Contrôle de gestion
RNCP41145;F1102;Conception - aménagement d''espaces intérieurs
RNCP41196;M1201;Analyse et ingénierie financière
RNCP41248;M1805;Études et développement informatique
RNCP41310;I1305;Installation et maintenance électronique
RNCP41388;K1704;Management de la sécurité publique
RNCP41483;H1206;Management et ingénierie études, recherche et développement industriel
RNCP41554;K1102;Aide aux bénéficiaires d''une mesure de protection juridique
RNCP41604;H2701;Pilotage d''installation énergétique et pétrochimique
RNCP41673;M1403;Études et prospectives socio-économiques
RNCP41774;G1403;Gestion de structure de loisirs ou d''hébergement touristique
RNCP41864;I1604;Mécanique automobile et entretien de véhicules
RNCP41953;G1202;Animation d''activités culturelles ou ludiques
RNCP42042;L1304;Réalisation cinématographique et audiovisuelle
RNCP42153;M1707;Stratégie commerciale
RNCP42237;M1804;Études et développement de réseaux de télécoms
RNCP42296;M1805;Études et développement informatique
RNCP42371;M1705;Marketing
RNCP42438;H1102;Management et ingénierie d''affaires
RNCP42503;M1810;Production et exploitation de systèmes d''information
RNCP42578;M1802;Expertise et support en systèmes d''information
RNCP42656;K1801;Conseil en emploi et insertion socioprofessionnelle
